text,label
The draft merger agreement between Acme Corp and Beta LLC (Project Titan) contains sensitive clauses about intellectual property transfer that must remain confidential until regulatory approval is secured in Q3 2026.,confidential_data
Executives-only discussion: Preliminary findings from the internal investigation into the Q2 data breach suggest possible insider involvement. Share only on need-to-know basis.,confidential_data
"Board packet materials for the 2026 strategic planning retreat include unannounced product cancellation decisions and associated workforce reduction plans (Appendix C, pages 45-62).",confidential_data
Attorney-client privileged communication regarding pending litigation Smith v. OurCompany: Our legal team's assessment of potential exposure ranges from $15M-$45M depending on appellate outcomes.,confidential_data
Proprietary algorithm documentation (Version 3.2) for our recommendation engine: The weighting formula on page 17 represents trade secrets developed over 18 months of R&D.,confidential_data
Pre-deal memo: Preliminary valuation of the target company ranges between $850M-$1.1B based on their confidential financials provided under NDA. This range assumes 12% revenue CAGR.,confidential_data
Restricted distribution: The compensation committee's proposed 2026 executive bonus structure includes controversial performance metrics not yet shared with the full board.,confidential_data
Security clearance required: Technical specifications for our next-gen military contract bid reveal novel approaches to electromagnetic shielding that competitors haven't yet developed.,confidential_data
Internal audit red flag report identifies three operations managers in the APAC region potentially circumventing financial controls. Under review by general counsel before escalation.,confidential_data
Strictly confidential: Early clinical trial results for DX-2026 show promising efficacy but concerning side effect profile (22% incidence of Grade 3 adverse events). Not for public disclosure.,confidential_data
"Confidential R&D roadmap: Project Nebula outlines a 2027 launch for a quantum computing prototype, with proprietary error-correction protocols detailed in section 4.2. Disclosure restricted to senior engineering team.",confidential_data
Executive memo: Preliminary discussions with a European regulator indicate potential antitrust concerns for the planned acquisition of Gamma Industries. Internal strategy sessions scheduled for Q4 2026.,confidential_data
Internal memo: Project Orion's budget overrun of $12M in Q1 2026 due to supply chain delays. Discussed mitigation strategies restricted to C-suite and project leads.,confidential_data
Legal advisory: Ongoing arbitration with Vendor X over contract breach may lead to $8M settlement. Details under attorney-client privilege until finalized in Q2 2027.,confidential_data
R&D confidential: Prototype specs for AI-driven analytics platform (Version 4.1) include proprietary data compression algorithms. Access limited to core development team.,confidential_data
Board-only report: Preliminary Q3 2026 sales forecast indicates 7% shortfall due to competitive pressures in APAC markets. Strategic pivot under consideration.,confidential_data
Restricted: Cybersecurity incident response plan for potential ransomware attack includes undisclosed third-party vendor vulnerabilities. Limited to IT security team.,confidential_data
Patient MRN 456782: 68yo male with HbA1c 8.7% and fasting glucose 186 mg/dL. Starting metformin 1000mg BID and empagliflozin 10mg daily. Referred to diabetes educator and nutritionist.,medical_data
Operative report: Laparoscopic cholecystectomy performed under general anesthesia. Findings included multiple large gallstones and mild inflammation. Estimated blood loss 50cc. Discharge planned for POD#1.,medical_data
Progress note: The patient's PHQ-9 score improved from 18 to 11 after 6 weeks of escitalopram 10mg daily and weekly CBT. Will increase dose to 20mg and continue monitoring for side effects.,medical_data
Radiology finding: Non-contrast CT head shows 1.2cm hypodense lesion in right parietal lobe with minimal surrounding edema. Differential includes metastatic focus vs. primary glioma. Recommend MRI with contrast.,medical_data
"Discharge summary: 54yo female admitted for CHF exacerbation. Achieved 4.5kg diuresis with IV furosemide. Transitioned to oral regimen: furosemide 40mg BID, spironolactone 25mg daily, fluid restriction 1.5L/day.",medical_data
"Pathology report: Core needle biopsy of left breast mass reveals invasive ductal carcinoma, ER+/PR+, HER2-. Nottingham grade 2. Tumor size 1.8cm. Sentinel node biopsy scheduled.",medical_data
"Medication reconciliation: Current home medications include atorvastatin 40mg qHS, lisinopril 20mg daily, gabapentin 300mg TID, and PRN oxycodone 5mg q6h (last taken 3 days ago).",medical_data
"Physical therapy evaluation: Demonstrates 30° knee flexion contracture status post MVA with notable quadriceps weakness. Plan: Daily ROM exercises, modalities for pain control, gait training 3x/week.",medical_data
Psychiatric consult: The patient endorses ongoing auditory hallucinations despite risperidone 2mg BID. Recommend switching to paliperidone palmitate 156mg IM monthly with oral overlap.,medical_data
"ED triage note: 22yo male presents with acute onset chest pain radiating to left arm. Troponin 0.15 ng/mL (elevated), EKG shows 1mm ST elevation in leads V3-V6. STAT cardiology consult called.",medical_data
Neurology consult: 45yo female with new-onset seizures. EEG shows epileptiform activity in left temporal lobe. Initiated levetiracetam 500mg BID. Plan for outpatient EEG monitoring and driving restrictions.,medical_data
"Endocrinology note: 32yo male with confirmed hypothyroidism (TSH 12.4 mIU/L, free T4 0.6 ng/dL). Started levothyroxine 75mcg daily. Follow-up labs in 6 weeks to titrate dose.",medical_data
Clinic note: 29yo female with BMI 32. Initiated lifestyle intervention and orlistat 120mg TID. Follow-up in 3 months with lipid panel and weight check.,medical_data
Surgical summary: Total hip replacement for 72yo male completed without complications. Post-op pain managed with oxycodone 5mg q4h PRN. PT to start on POD#2.,medical_data
"Cardiology consult: 61yo male with atrial fibrillation, rate-controlled with metoprolol 50mg BID. Warfarin 5mg daily started, INR goal 2-3. Follow-up in 1 week.",medical_data
"Lab report: 45yo female with iron deficiency anemia (Hgb 9.8 g/dL, ferritin 12 ng/mL). Started ferrous sulfate 325mg BID and vitamin C. Recheck CBC in 8 weeks.",medical_data
Psychiatric note: 19yo male with GAD reports reduced anxiety on buspirone 15mg BID. Added mindfulness-based therapy. Monitor for side effects at next visit.,medical_data
"Employee record #E-2026-8765: James K. Wilson (DOB 08/14/1985) resides at 2389 Maplewood Dr Apt 302, Chicago IL 60614. SSN 457-89-1234. Emergency contact: Emily Wilson (312) 555-0198.",pii_data
Student application file: Maria G. Hernandez (Application ID STU-2026-5421) submitted transcripts from Lincoln HS (GPA 3.7) along with personal essay. Parent contact: mghernandez@email.com.,pii_data
"Credit application: Applicant David L. Chen (DL#C23456789 issued 03/2022) requests $25,000 line of credit. Current address: 891 Pine Rd #5B, Boston MA 02115. Previous address on file differs.",pii_data
"Patient registration: New patient Tamara R. Jackson (MRN 7654321) provides insurance info (BlueCross ID XPD87654321, group 44521) and lists spouse Michael Jackson as primary contact.",pii_data
Background check release: Candidate Alexandra B. Wright (SSN 321-45-6789) authorizes verification of employment history at three previous employers spanning 2015-2025.,pii_data
Vendor onboarding form: TechSolutions Inc (FEIN 45-6789123) requests ACH payments to account #4455667788 at First National Bank. Primary contact CEO Samuel T. Reynolds (DOB 05/30/1972).,pii_data
"Volunteer database: John P. O'Malley (volunteer ID V-9876) completed mandatory training on 03/15/2026. Certification expires 03/15/2027. Contact: jpomalley@email.com, (617) 555-4321.",pii_data
"Membership application: The Smith Family (primary member Robert T. Smith, DOB 04/22/1980) requests family plan including spouse and two children under 18. Home address: 567 Oak Lane, Dallas TX 75201.",pii_data
"Loan documentation: Borrower Jennifer L. Kim (passport #K98765432) provides two years of tax returns showing AGI $185,000. Co-signer Richard Kim (SSN 987-65-4321) also listed.",pii_data
"Insurance claim: Policyholder #IC-2026-5543 (Thomas R. Davis, DOB 11/05/1978) reports auto accident on 05/15/2026. Witness contact: mary.smith@email.com, (214) 555-6789.",pii_data
"Contractor profile: Lisa M. Patel (SSN 654-32-1098) registered as independent contractor for IT consulting. Bank details: Routing #987654321, Account #1234567890. Contact: lmpatel@email.com.",pii_data
"Event registration: Participant Sarah E. Nguyen (DOB 09/12/1990) signed up for charity run on 09/20/2026. Emergency contact: Kevin Nguyen, (415) 555-2345. Address: 789 Cedar Ave, Seattle WA 98101.",pii_data
"Customer profile: Emily R. Carter (DOB 03/25/1995) resides at 456 Elm St, Denver CO 80203. SSN 789-12-3456. Preferred contact: (720) 555-9876, ercarter@email.com.",pii_data
"Employee onboarding: Michael J. Lee (Emp ID E-2026-9876) provides DL# L98765432 and bank details for payroll: Routing #123456789, Account #9876543210.",pii_data
"Patient intake: Robert A. Nguyen (MRN 9876543) lists primary insurance as Aetna (ID AET12345678) and emergency contact as Lisa Nguyen, (510) 555-1234.",pii_data
"Membership record: Laura K. Thompson (DOB 07/10/1988) applies for premium plan. Address: 123 Birch Rd, Austin TX 78701. Contact: laura.thompson@email.com.",pii_data
"Contractor agreement: David P. Gupta (SSN 456-78-9012) registered for freelance graphic design. ACH details: Routing #456789123, Account #5678901234.",pii_data
"Q2 2026 earnings report (preliminary): Revenue $1.45B (up 12% YoY), EPS $1.22 vs. $1.18 estimate. Notable $28M one-time charge related to warehouse consolidation. Full report embargoed until 8AM EST tomorrow.",financial_data
"Portfolio analysis: The aggressive growth allocation shows YTD return of 8.7%, with tech sector comprising 38% of holdings. Recommended rebalancing would reduce tech exposure to 25% and increase international to 20%.",financial_data
"Invoice #INV-2026-8765: Web development services rendered May 2026 - 145 hours at $125/hr = $18,125. Payment terms net 30. Past due as of 07/15/2026. Late fee of 1.5% monthly applied.",financial_data
"Loan amortization schedule: $350,000 mortgage at 5.25% over 30 years. Payment $1,932.55/month (PI). After 5 years: $27,892 principal paid, $78,456 interest paid, $322,108 remaining balance.",financial_data
"Fraud alert: Unusual activity detected on card ending 6789 - $1,287 at electronics retailer in Miami (06/12/2026 3:15AM EST) while cardholder was in Chicago. Transaction declined, new card issued.",financial_data
"Tax planning memo: Projected 2026 capital gains of $145,000 suggest harvesting $45,000 in losses to offset. Recommend selling underperforming energy sector holdings in taxable account.",financial_data
"401(k) statement Q2 2026: Balance $456,789 (up 6.2% from Q1). Contributions YTD $12,500, employer match $4,375. Current allocation: 65% equities, 25% bonds, 10% alternatives.",financial_data
"Accounts receivable aging: 12% of receivables over 90 days (notable: $45,000 from Client X past due 120 days). Reserve for doubtful accounts increased to 8% of total AR ($1.2M).",financial_data
Merger valuation model: Discounted cash flow analysis suggests acquisition target fair value between $850M-$1.1B. Sensitivity analysis shows WACC changes impact valuation by ±$75M.,financial_data
Budget variance report: Marketing department 23% over budget YTD due to unplanned trade show expenses. IT department 15% under budget from delayed cloud migration project.,financial_data
"Expense audit summary: Q3 2026 travel expenses ($245,000) exceeded forecast by 18% due to unplanned client meetings in EMEA region. Recommend revising approval thresholds for Q4.",financial_data
Investment proposal: Seed funding round for startup DeltaTech projects $5M raise at $20M pre-money valuation. Key risks include unproven scalability of AI-driven logistics platform.,financial_data
"Q3 2026 financial outlook: Projected EBITDA margin of 18%, down 2% from Q2 due to rising raw material costs. Internal projections embargoed until investor call.",financial_data
Investment review: Balanced portfolio YTD return of 5.4%. Suggest increasing REIT allocation to 15% to hedge against market volatility. Client meeting scheduled.,financial_data
"Invoice #INV-2026-9876: Consulting services for June 2026, 92 hours at $150/hr = $13,800. Payment due 08/10/2026. Contact accounts payable for disputes.",financial_data
"Credit card statement: Card ending 4567 shows $3,456 in charges for July 2026, including $1,200 travel expense. Payment due 08/25/2026 to avoid 2% late fee.",financial_data
"Cash flow analysis: Operating cash flow for Q2 2026 at $95M, up 8% YoY. Capex increased 15% due to new facility buildout. Internal use only until Q3 report.",financial_data
"City Council Resolution #2026-45: Approves $12M in funding for downtown infrastructure improvements including road repaving and pedestrian safety upgrades, with completion expected by Q4 2027.",public_data
Public health advisory: County health department recommends flu vaccinations for all residents as early surveillance shows concerning H3N2 strain circulation. Free clinics available October 1-15.,public_data
School district announcement: 2026-2027 academic calendar finalized with first day of classes August 24 and winter break December 21-January 3. Snow makeup days scheduled for April.,public_data
Transportation update: Route 22 bus will detour for six weeks starting July 5 due to bridge repairs. Temporary stops established at Maple St and Civic Center with increased frequency during peak hours.,public_data
"Parks & Rec summer program guide now available: Includes outdoor yoga, children's nature workshops, and senior fitness classes at 12 locations across the city. Registration opens June 1.",public_data
"Municipal job openings: The city seeks applications for 35 positions including lifeguards, maintenance workers, and IT specialists. Starting wages $18-$32/hour depending on role.",public_data
"Public records request fulfillment: Documents related to 2025 park renovation bids (Request #PRR-2026-887) available for review at City Hall Annex. 1,245 pages total, $0.10/page copy fee.",public_data
"Community survey results: 68% of respondents support proposed dog park at Elm Street location, while 29% prefer Oak Grove site. Final decision expected at next Parks Commission meeting.",public_data
Emergency alert: Water main repair on Main St will cause temporary service interruption 10PM-4AM tonight. Residents should store water for essential needs. Updates on city Twitter account.,public_data
"Cultural affairs department announces 2026 summer concert series lineup featuring 15 free performances in the city park from June-August. Jazz, classical, and world music represented.",public_data
Environmental notice: Air quality index expected to reach unhealthy levels on 08/05/2026 due to wildfire smoke. Sensitive groups advised to limit outdoor activities and use air purifiers.,public_data
Library program update: Fall 2026 STEM workshops for teens include robotics and coding sessions. Limited to 20 participants per class. Registration opens 08/15/2026 at city library website.,public_data
Public works notice: Water line upgrades on 5th Ave will cause lane closures from 08/15/2026 to 09/30/2026. Detour maps available on city website.,public_data
Health department alert: Free hepatitis A vaccination clinics scheduled for 09/01/2026-09/15/2026 in response to recent outbreak. Locations posted online.,public_data
School board update: New STEM curriculum for grades 6-8 approved for 2026-2027. Teacher training begins 08/10/2026. Parent info session on 08/20/2026.,public_data
"Community event: Annual food festival set for 09/12/2026 at Riverfront Park. Features 25 local vendors and live music. Free admission, RSVP recommended.",public_data
Environmental advisory: Recycling program expands to include electronics starting 08/15/2026. Drop-off centers listed at city sustainability portal.,public_data
